{"minecraft:leather_chestplate":{"computercraft:item/disk":1},"minecraft:iron_ingot":{"computercraft:item/pocket_computer_normal":1},"minecraft:deepslate_tile_wall":{"computercraft:item/wired_modem":1},"minecraft:gold_ingot":{"computercraft:item/pocket_computer_advanced":1},"minecraft:music_disc_pigstep":{"computercraft:item/treasure_disk":1},"minecraft:andesite_wall":{"computercraft:item/cable":1},"minecraft:paper":{"computercraft:item/printed_page":1},"minecraft:white_stained_glass_pane":{"computercraft:poly_gui/filler":1},"minecraft:gold_block":{"computercraft:item/monitor_advanced":1},"minecraft:smooth_stone":{"computercraft:item/monitor_normal":1},"minecraft:map":{"computercraft:item/printed_pages":1},"minecraft:written_book":{"computercraft:item/printed_book":1}}