{
  "variants": {
    "facing=east,state=blinking": {
      "y": 90,
      "model": "computercraft:block/computer_command_blinking"
    },
    "facing=east,state=off": {
      "y": 90,
      "model": "computercraft:block/computer_command_off"
    },
    "facing=east,state=on": {
      "y": 90,
      "model": "computercraft:block/computer_command_on"
    },
    "facing=north,state=blinking": {
      "y": 0,
      "model": "computercraft:block/computer_command_blinking"
    },
    "facing=north,state=off": {
      "y": 0,
      "model": "computercraft:block/computer_command_off"
    },
    "facing=north,state=on": {
      "y": 0,
      "model": "computercraft:block/computer_command_on"
    },
    "facing=south,state=blinking": {
      "y": 180,
      "model": "computercraft:block/computer_command_blinking"
    },
    "facing=south,state=off": {
      "y": 180,
      "model": "computercraft:block/computer_command_off"
    },
    "facing=south,state=on": {
      "y": 180,
      "model": "computercraft:block/computer_command_on"
    },
    "facing=west,state=blinking": {
      "y": 270,
      "model": "computercraft:block/computer_command_blinking"
    },
    "facing=west,state=off": {
      "y": 270,
      "model": "computercraft:block/computer_command_off"
    },
    "facing=west,state=on": {
      "y": 270,
      "model": "computercraft:block/computer_command_on"
    }
  }
}